Order_ID,Distance_km,Weather,Traffic_Level,Time_of_Day,Vehicle_Type,Preparation_Time_min,Courier_Experience_yrs,Delivery_Time_min,Cost_Rs
522,7.93,Windy,Low,Afternoon,Scooter,12,1.0,43,167.44
738,16.42,Clear,Medium,Evening,Bike,20,2.0,84,329.36
741,9.52,Foggy,Low,Night,Scooter,28,1.0,59,236.16
661,7.44,Rainy,Medium,Afternoon,Scooter,5,1.0,37,141.02
412,19.03,Clear,Low,Morning,Bike,16,5.0,68,312.24
679,19.4,Clear,Low,Evening,Scooter,8,9.0,57,281.2
627,9.52,Clear,Low,,Bike,12,1.0,49,192.16
514,17.39,Clear,Medium,Evening,Scooter,5,6.0,46,238.62
860,1.78,Snowy,Low,Evening,Car,20,6.0,35,114.24
137,10.62,Foggy,Low,Evening,Scooter,29,1.0,73,274.46
812,16.86,Snowy,Medium,Afternoon,Car,13,4.0,88,330.38
77,15.54,Clear,Low,Night,Bike,29,1.0,76,319.82
637,10.89,Clear,High,Night,Bike,12,5.0,53,211.12
974,4.69,Rainy,Medium,Evening,Scooter,12,7.0,36,127.52000000000001
939,2.8,Clear,High,Morning,Scooter,10,,33,103.4
900,2.17,Snowy,Low,Evening,Car,15,3.0,35,109.86
281,17.86,Rainy,Low,Afternoon,Bike,5,1.0,50,250.38
884,2.53,Snowy,Low,Morning,Bike,6,8.0,24,77.24
762,6.58,Foggy,Low,Evening,Car,6,7.0,27,115.64
320,5.38,Clear,Medium,Evening,Scooter,26,1.0,47,176.04
550,15.56,Rainy,Low,Afternoon,Scooter,28,0.0,72,310.48
175,13.08,Rainy,Low,Morning,Car,16,4.0,58,244.64
372,0.86,Clear,High,Afternoon,Bike,26,5.0,37,119.88
528,5.83,Clear,High,Evening,Car,27,9.0,56,199.14
211,11.2,Clear,Medium,Morning,Bike,23,,73,270.1
236,14.59,Clear,Medium,Morning,Bike,15,6.0,64,267.22
102,12.91,Windy,Medium,Evening,Bike,11,6.0,56,231.78
987,13.92,Snowy,Low,Morning,Scooter,18,4.0,70,278.36
903,4.04,Snowy,Low,Night,Bike,11,9.0,70,188.82
948,18.05,Clear,Medium,Evening,Scooter,10,7.0,123,405.4
347,12.88,Clear,Medium,Morning,Scooter,8,5.0,52,219.04000000000002
140,19.45,Rainy,High,Morning,Scooter,20,6.0,108,401.6
622,4.58,Clear,High,Morning,Scooter,22,9.0,45,159.64
500,19.73,Foggy,Medium,Evening,Bike,27,4.0,111,420.34000000000003
371,2.47,Windy,Medium,Morning,Bike,27,2.0,44,148.26
199,17.8,Snowy,Medium,Morning,Bike,16,9.0,73,312.4
688,5.96,Clear,Medium,Afternoon,Bike,22,7.0,45,170.68
585,12.85,Windy,Medium,Afternoon,Scooter,18,7.0,61,251.8
902,1.02,Clear,Medium,Afternoon,Bike,25,4.0,34,113.66
60,6.84,Rainy,Medium,Night,Car,14,8.0,47,169.72
329,8.68,Rainy,Medium,Morning,Bike,8,5.0,52,185.44
97,10.69,Clear,Medium,Night,Bike,25,9.0,67,257.02
313,0.99,,Medium,Evening,Bike,15,,32,94.42
975,1.11,Clear,Low,Morning,Bike,5,6.0,8,32.38
300,2.16,Snowy,Low,Evening,Scooter,15,0.0,36,111.78
278,13.17,Windy,Medium,Afternoon,Bike,16,4.0,67,263.36
925,8.79,Snowy,Low,Night,Bike,14,6.0,43,177.32
602,5.93,Clear,Low,Afternoon,Scooter,19,3.0,36,147.94
440,2.09,Rainy,Low,Night,Bike,23,2.0,36,123.22
838,7.57,Clear,Low,Morning,Bike,21,0.0,56,204.06
571,10.52,Rainy,Medium,Afternoon,Scooter,8,4.0,56,208.16
880,4.83,Rainy,Low,Morning,Car,25,9.0,47,170.14
262,19.81,Snowy,Medium,Afternoon,Car,20,5.0,104,396.48
579,10.1,Rainy,Low,Evening,Car,8,4.0,50,192.8
24,7.64,Windy,Low,Afternoon,Car,10,8.0,31,138.12
31,12.35,Clear,Low,Morning,Scooter,10,6.0,35,183.8
618,5.9,Rainy,Low,Evening,Car,26,9.0,44,174.2
11,0.9,Clear,Low,Afternoon,Bike,20,8.0,23,83.2
222,11.58,Clear,Medium,Morning,Scooter,16,2.0,61,238.64
821,16.16,Clear,High,Afternoon,Bike,11,1.0,82,309.78
297,15.51,Clear,Low,Evening,Bike,17,9.0,69,287.58
55,12.16,Windy,High,Evening,Scooter,11,0.0,69,251.78
543,4.96,Rainy,High,Morning,Bike,21,0.0,60,191.18
210,3.64,Windy,High,Evening,Bike,17,6.0,40,134.62
605,2.85,Clear,Low,Morning,Scooter,26,0.0,38,137.8
693,10.4,Clear,Low,Evening,Bike,16,4.0,52,211.2
663,12.31,Windy,Low,Morning,Bike,29,4.0,68,277.98
867,3.53,Clear,Medium,Afternoon,Bike,13,7.0,31,109.74
71,15.56,Clear,Medium,Evening,Bike,14,3.0,54,253.48000000000002
544,13.6,Clear,Medium,Afternoon,Bike,27,0.0,87,323.3
108,15.23,Snowy,High,Morning,Bike,5,0.0,62,253.34
494,4.17,,Low,Evening,Scooter,5,1.0,22,84.86
591,3.21,Rainy,High,Night,Scooter,16,0.0,42,133.68
742,6.38,Snowy,Low,Evening,Bike,16,1.0,111,297.04
293,16.54,Rainy,Low,Afternoon,Scooter,6,7.0,51,243.32
290,12.02,Clear,Low,Morning,Car,9,7.0,41,191.66
653,11.94,Clear,Low,Evening,Bike,20,3.0,69,263.52
40,9.08,Clear,Low,Afternoon,Scooter,14,5.0,49,191.64
590,3.46,Snowy,Medium,Morning,Scooter,23,3.0,48,158.18
308,6.8,Foggy,Medium,Morning,Scooter,13,7.0,46,165.9
680,17.38,Rainy,Medium,Afternoon,Scooter,11,2.0,92,339.53999999999996
67,3.25,Clear,Low,Morning,Bike,23,7.0,32,124.5
276,10.28,Clear,Medium,Evening,Scooter,29,3.0,71,267.74
68,16.14,Clear,Low,Night,Car,6,9.0,65,268.12
319,3.55,Clear,Medium,Evening,Bike,23,0.0,43,148.9
549,10.65,Clear,,Afternoon,Scooter,23,8.0,58,235.7
999,19.03,Clear,Low,Afternoon,Car,26,5.0,68,327.24
715,7.3,Clear,Low,Night,Scooter,14,7.0,28,135.4
754,7.03,Clear,Low,Evening,Scooter,21,1.0,44,175.74
328,12.43,Snowy,Low,Afternoon,Car,12,0.0,70,257.44
383,12.76,Windy,High,Morning,Scooter,27,,74,290.58
452,11.39,Rainy,High,Evening,Scooter,14,1.0,72,256.12
523,19.41,Clear,Low,Morning,Car,7,3.0,48,261.78
219,13.17,Rainy,High,Evening,Scooter,17,8.0,69,268.86
788,8.32,Rainy,Low,Afternoon,Car,12,2.0,49,182.56
437,1.92,Clear,Low,,Bike,8,7.0,14,55.36
765,1.15,Clear,Low,Afternoon,Scooter,26,4.0,30,108.2
89,17.8,Windy,High,Afternoon,Car,12,9.0,73,306.4
64,7.46,Clear,Medium,Evening,Bike,8,5.0,42,155.68
827,7.25,Clear,Medium,Afternoon,Scooter,18,4.0,45,175.0
717,16.7,Clear,Medium,Afternoon,Scooter,28,1.0,76,327.6
352,17.2,Rainy,High,Afternoon,Scooter,14,2.0,94,346.6
937,0.86,Clear,Medium,Afternoon,Car,21,7.0,28,94.38
257,18.76,Clear,Medium,Evening,Car,15,2.0,80,332.58000000000004
636,9.22,Clear,Medium,Afternoon,Car,18,9.0,57,214.76
645,2.84,Clear,Low,Evening,Scooter,24,2.0,35,128.72
555,17.59,Clear,Low,Morning,Bike,24,6.0,69,314.72
960,14.89,Snowy,High,Morning,Scooter,17,6.0,87,318.62
169,1.3,Clear,Medium,Evening,Bike,22,4.0,31,105.4
918,18.99,Rainy,High,Afternoon,Bike,10,6.0,70,306.91999999999996
529,1.6,Foggy,Low,Night,Scooter,24,,37,122.8
824,8.26,Snowy,Low,Afternoon,Bike,15,1.0,57,202.57999999999998
986,10.16,Clear,High,Night,Bike,12,5.0,52,203.28
817,12.03,Clear,Medium,,Car,20,5.0,65,256.24
87,14.73,Rainy,Low,Afternoon,Bike,24,6.0,74,301.84000000000003
433,12.56,Clear,High,Evening,Bike,17,5.0,69,263.98
185,5.53,Clear,Medium,Afternoon,Bike,19,1.0,44,160.74
979,10.18,Foggy,Medium,Morning,Bike,25,3.0,73,264.94
535,15.5,Clear,Medium,Morning,Scooter,28,9.0,91,348.0
295,2.98,Foggy,,Night,Bike,11,2.0,27,94.34
893,16.69,Foggy,Medium,Evening,Scooter,8,2.0,65,275.52
426,11.22,Windy,High,Evening,Bike,25,5.0,79,285.26
714,8.53,Clear,Low,Evening,Scooter,8,2.0,41,162.24
261,12.49,Clear,Medium,Morning,Bike,25,4.0,77,291.42
238,0.97,Clear,Low,Night,Scooter,24,8.0,26,95.75999999999999
560,12.6,Windy,Medium,Afternoon,Car,8,6.0,58,228.8
584,6.91,Clear,Medium,Evening,Scooter,28,9.0,56,209.28
446,18.97,Clear,Low,Evening,Car,25,4.0,141,471.26
868,4.05,Clear,Medium,Evening,Bike,20,,44,150.4
801,14.29,Windy,Medium,Morning,Bike,14,7.0,78,291.32
600,1.3,Foggy,Low,Evening,Bike,19,5.0,29,96.9
850,12.11,Rainy,Low,Morning,Bike,9,5.0,59,228.38
266,14.94,Clear,Medium,Morning,Bike,11,0.0,62,260.02
996,2.29,Rainy,High,Afternoon,Car,8,8.0,80,190.32
530,17.36,Rainy,High,Afternoon,Bike,24,1.0,105,384.88
56,18.48,Clear,Medium,Night,Bike,8,0.0,82,323.84000000000003
121,16.25,Foggy,High,Morning,Bike,10,5.0,91,327.0
216,5.13,Clear,Low,Morning,Car,15,4.0,30,123.53999999999999
26,15.81,Clear,Low,,Car,25,1.0,92,347.98
73,0.61,Clear,Low,Afternoon,Scooter,10,0.0,16,51.88
45,5.55,Foggy,High,Evening,Bike,18,1.0,116,303.4
248,19.35,Clear,High,,Bike,12,7.0,75,322.8
722,4.03,Clear,Medium,Evening,Bike,9,5.0,25,95.74000000000001
282,7.09,Snowy,Low,Morning,Scooter,13,8.0,37,150.22
894,8.25,Clear,Medium,Afternoon,Bike,7,9.0,28,132.5
915,11.26,Clear,Low,Night,Bike,5,6.0,49,195.57999999999998
811,19.7,Rainy,Low,Evening,Bike,10,2.0,60,292.6
245,0.8,Snowy,High,Evening,Bike,14,9.0,36,99.4
823,7.0,Rainy,Medium,Evening,Bike,17,9.0,49,179.5
322,14.43,Clear,Medium,Morning,Car,14,4.0,113,362.44
644,6.89,Rainy,Medium,Afternoon,Bike,11,6.0,43,157.62
159,5.13,Foggy,Medium,Evening,Car,25,1.0,60,198.54
978,1.5,Clear,Low,Afternoon,Bike,10,1.0,17,61.0
430,2.78,,High,Afternoon,Scooter,9,0.0,41,117.74
942,11.31,Clear,Medium,Evening,Bike,7,0.0,54,208.98000000000002
463,15.05,Clear,Medium,Evening,Car,12,2.0,66,270.4
310,5.78,Foggy,Low,Afternoon,Scooter,9,9.0,33,125.74000000000001
698,11.83,Clear,Low,Evening,Scooter,9,7.0,32,172.14
61,8.08,Foggy,Low,Morning,Bike,25,2.0,61,224.14
885,16.1,Clear,Low,Evening,Bike,25,0.0,64,294.3
596,9.74,Rainy,Medium,Evening,Scooter,7,8.0,37,162.42000000000002
768,17.6,Clear,Low,Afternoon,Bike,27,3.0,69,319.3
650,10.22,Snowy,Medium,Night,Bike,18,1.0,68,244.76
651,2.19,Clear,Low,Evening,Bike,26,3.0,32,120.52
866,11.41,Windy,Medium,Afternoon,Scooter,17,4.0,68,252.78
669,4.14,Clear,Medium,Morning,Scooter,14,2.0,30,114.12
299,12.65,Rainy,Low,Afternoon,Bike,18,8.0,60,248.2
690,4.15,,Medium,Morning,Car,17,8.0,46,150.7
315,16.8,,High,Morning,Car,19,4.0,85,332.9
311,9.06,Clear,Medium,Evening,Bike,23,4.0,47,200.98000000000002
362,13.04,Clear,Medium,Morning,Scooter,20,6.0,65,264.32
480,10.7,Clear,Medium,Afternoon,Scooter,8,5.0,44,185.6
111,6.15,Foggy,Low,Evening,Scooter,26,5.0,48,184.2
990,16.47,Snowy,High,Evening,Scooter,20,9.0,75,311.76
487,1.39,Clear,Medium,Afternoon,Bike,15,4.0,24,81.62
364,11.14,Rainy,Medium,Morning,Scooter,7,3.0,47,193.62
255,3.81,Rainy,High,Afternoon,Bike,5,6.0,31,99.98
260,2.39,Rainy,Medium,Evening,Bike,27,7.0,43,145.62
803,11.74,Clear,High,Evening,Car,6,3.0,54,210.92000000000002
678,8.26,Clear,Low,,Car,21,4.0,80,257.58
495,9.54,Rainy,Medium,Evening,Scooter,11,5.0,47,186.82
671,3.88,Clear,Medium,Morning,Bike,16,2.0,35,125.03999999999999
378,0.95,Rainy,Medium,Morning,Car,27,0.0,44,136.1
527,8.59,Clear,Low,Night,Scooter,17,8.0,36,166.22
846,8.59,Clear,Low,Evening,Bike,22,2.0,43,187.72
138,14.21,Clear,Medium,Evening,Bike,24,,58,265.68
356,13.03,Foggy,Low,Morning,Scooter,9,1.0,50,217.74
366,8.03,Clear,Low,Evening,Scooter,14,8.0,42,169.24
943,13.2,Snowy,Low,Morning,Car,14,3.0,62,250.6
750,12.67,Clear,Medium,Evening,Car,10,3.0,65,246.36
949,17.54,Clear,,Morning,Car,16,8.0,54,272.32
830,9.32,Clear,Low,Morning,Scooter,6,5.0,30,143.56
657,6.03,Rainy,High,Afternoon,Car,8,6.0,46,152.24
200,15.71,Clear,Low,Afternoon,Scooter,28,5.0,69,305.68
214,4.87,Snowy,High,Evening,Bike,16,7.0,54,170.96
409,18.15,Rainy,High,Morning,Bike,22,7.0,108,394.2
333,0.78,Clear,Medium,Morning,Bike,6,1.0,17,49.24
209,0.6,Clear,Low,Afternoon,Bike,26,3.0,30,103.8
614,2.09,Clear,Medium,Evening,Bike,5,5.0,16,56.22
79,7.49,Clear,,Morning,Scooter,13,9.0,45,169.42000000000002
30,1.41,Foggy,Medium,Evening,Bike,15,0.0,72,177.78
536,18.92,Clear,High,Morning,Scooter,27,4.0,100,391.86
696,12.41,Clear,Medium,Morning,Car,10,1.0,51,216.28
558,1.06,,Low,Afternoon,Scooter,19,6.0,21,78.98
837,18.34,Clear,High,Night,Bike,9,4.0,92,344.22
597,13.52,Clear,Low,Morning,Scooter,27,1.0,82,312.65999999999997
166,16.79,Foggy,High,Afternoon,Bike,24,6.0,85,340.32
919,15.39,Clear,Medium,Evening,Scooter,24,5.0,89,337.12
496,7.39,Rainy,Medium,Morning,Scooter,25,6.0,60,216.62
825,10.98,Rainy,Low,Morning,Scooter,10,6.0,55,212.84
66,11.08,Snowy,Medium,Morning,Bike,9,0.0,57,216.14
142,5.41,Clear,Medium,Night,Bike,14,5.0,36,136.28
926,0.94,Clear,High,Morning,Bike,9,6.0,21,63.019999999999996
828,7.27,Windy,Low,Afternoon,Bike,10,5.0,35,143.16
656,2.99,Windy,Medium,Morning,Bike,27,5.0,41,146.42000000000002
332,15.28,Snowy,Low,Evening,Bike,16,5.0,72,290.24
665,2.48,Windy,Medium,Afternoon,Car,14,6.0,27,94.84
250,17.13,Rainy,Low,Evening,Car,19,1.0,71,307.53999999999996
908,7.17,Clear,Low,Afternoon,Bike,15,7.0,32,143.86
709,5.47,Rainy,Low,Morning,Car,21,6.0,38,151.26
306,19.53,Foggy,Low,Afternoon,Bike,11,6.0,87,346.74
735,7.5,Clear,High,Morning,Bike,29,1.0,66,235.5
976,5.61,Windy,Low,Night,Bike,25,9.0,48,178.38
50,4.1,Clear,Low,Morning,Bike,21,3.0,37,138.3
897,6.22,Rainy,Medium,Morning,Bike,15,0.0,49,170.26
3,14.77,,High,Morning,Scooter,11,6.0,67,268.65999999999997
545,12.55,Windy,Low,Evening,Bike,13,8.0,51,221.9
351,10.31,Foggy,Medium,Morning,Scooter,19,5.0,62,234.98000000000002
905,8.72,Snowy,Medium,Evening,Car,18,7.0,64,224.76
537,17.07,Clear,Medium,Morning,Bike,20,6.0,73,312.56
345,8.27,,High,Afternoon,Scooter,13,5.0,58,201.66
995,7.54,Snowy,Low,Afternoon,Bike,20,,55,200.32
482,14.07,Clear,High,Afternoon,Bike,5,8.0,67,254.06
576,19.02,Clear,Medium,Afternoon,Bike,29,9.0,87,369.65999999999997
34,19.0,Clear,High,Morning,Car,28,3.0,96,386.0
32,3.83,Rainy,Medium,Afternoon,Bike,12,9.0,30,108.64
232,10.3,Clear,Low,Evening,Scooter,19,8.0,48,206.9
964,8.09,Clear,High,Afternoon,Scooter,15,4.0,51,189.22
193,18.06,Clear,Medium,Night,Bike,9,8.0,52,261.98
334,2.76,Windy,Medium,Morning,Scooter,8,5.0,22,78.08
4,12.17,Snowy,Low,Evening,Bike,20,8.0,68,263.36
205,12.33,Clear,Medium,Evening,Bike,22,9.0,75,281.64
515,1.38,Clear,Medium,Evening,Scooter,5,8.0,13,44.54
800,18.49,Clear,Low,Afternoon,Scooter,14,6.0,71,310.91999999999996
307,10.57,Snowy,Low,Afternoon,Bike,28,9.0,59,244.56
110,2.0,Clear,High,Evening,Scooter,10,2.0,30,91.0
431,3.29,Clear,Medium,Afternoon,Scooter,17,4.0,32,115.82
78,1.94,Rainy,Medium,Morning,Bike,16,0.0,35,109.52
85,6.56,Windy,Medium,,Bike,14,1.0,47,167.48
287,9.58,Clear,High,Afternoon,Car,26,8.0,60,235.64
83,6.95,Clear,Medium,Morning,Scooter,25,2.0,58,209.1
992,14.05,Clear,High,Morning,Scooter,19,0.0,72,284.9
790,18.97,Rainy,High,Night,Bike,20,8.0,108,397.76
895,13.53,Rainy,Low,Evening,Bike,28,8.0,78,306.24
399,15.14,Rainy,Medium,Morning,Bike,8,6.0,66,265.12
324,5.96,Clear,Low,Afternoon,Bike,26,6.0,48,182.68
520,3.43,Windy,Medium,Morning,Bike,7,6.0,23,83.94
917,6.24,,Medium,Evening,Bike,15,3.0,52,176.42000000000002
923,17.94,Rainy,High,Evening,Scooter,22,6.0,85,346.52
6,3.54,Rainy,Medium,Evening,Bike,10,5.0,32,107.32
732,16.38,Rainy,Medium,Night,Bike,7,,90,321.53999999999996
466,7.81,Clear,Low,Evening,Bike,11,4.0,42,162.98
98,8.84,Clear,,Morning,Bike,26,0.0,57,223.72
267,14.09,Clear,Medium,Afternoon,Scooter,12,3.0,55,240.72
358,11.92,Clear,Low,Afternoon,Scooter,14,4.0,46,208.36
869,17.3,Clear,Low,Evening,Scooter,9,0.0,67,285.9
799,14.08,Clear,High,Morning,Bike,28,6.0,66,286.64
381,2.8,Clear,High,Afternoon,Bike,28,1.0,50,164.4
632,17.96,Clear,Medium,,Bike,22,2.0,76,328.68
382,14.09,Clear,High,Afternoon,Bike,12,6.0,67,264.72
491,9.39,Clear,Low,Morning,Bike,14,2.0,37,170.12
119,17.9,Clear,Low,Morning,Bike,23,,85,347.7
901,4.55,Rainy,Low,Afternoon,Bike,5,6.0,21,85.9
251,6.24,Snowy,Low,Afternoon,Bike,20,4.0,51,181.92000000000002
524,16.92,Clear,Low,Morning,Scooter,29,0.0,70,318.86
10,14.31,Clear,Medium,Morning,Bike,9,8.0,47,221.98000000000002
197,14.66,Windy,Medium,,Bike,20,2.0,77,301.28
604,2.23,Clear,Low,Morning,Bike,7,6.0,14,56.34
82,12.65,Clear,Low,Evening,Bike,15,4.0,66,255.7
784,7.24,Rainy,Medium,Evening,Bike,28,6.0,65,229.92000000000002
588,3.01,Clear,Medium,Evening,Bike,14,4.0,26,97.08
798,11.52,,Medium,Morning,Scooter,25,2.0,58,245.66
240,3.95,Clear,Low,Afternoon,Bike,13,5.0,25,101.1
291,1.09,Clear,Medium,Morning,Scooter,6,2.0,17,51.72
212,13.99,Clear,High,Evening,Scooter,7,3.0,96,314.42
718,19.32,Rainy,High,Morning,Car,21,7.0,112,410.06
360,11.72,Rainy,Low,Evening,Bike,11,9.0,42,194.26
450,2.13,Rainy,Low,Morning,Scooter,9,2.0,22,74.53999999999999
228,8.17,Clear,Medium,Afternoon,Scooter,20,9.0,44,183.36
951,12.21,Clear,High,Morning,Bike,9,4.0,57,225.18
947,3.17,Clear,Medium,Evening,Scooter,17,6.0,33,116.86
797,18.68,Snowy,Low,Afternoon,Bike,11,8.0,62,289.94
502,10.95,Clear,Medium,Evening,Scooter,24,4.0,55,233.6
465,19.26,Windy,Medium,Morning,Scooter,21,6.0,67,319.58000000000004
363,9.44,Rainy,,Evening,Scooter,28,8.0,63,243.51999999999998
469,4.86,Foggy,Medium,Evening,Car,25,4.0,52,180.38
936,5.81,Foggy,Low,Afternoon,Bike,25,8.0,51,185.98
429,7.34,Rainy,Low,Evening,Bike,22,8.0,47,185.72
8,17.39,Foggy,Medium,Morning,Bike,25,4.0,100,376.62
156,5.22,Snowy,Low,Evening,Bike,11,9.0,40,138.26
542,12.32,Clear,Medium,Evening,Scooter,17,4.0,71,266.06
441,2.15,Windy,Medium,Afternoon,Car,17,6.0,30,102.7
483,9.36,Rainy,High,Morning,Scooter,17,2.0,65,230.38
423,2.28,Clear,Medium,Evening,Scooter,27,9.0,39,136.74
779,14.54,Clear,Medium,Evening,Bike,29,2.0,73,305.82
950,12.15,Clear,High,Morning,Car,12,6.0,63,241.2
335,1.4,Windy,Low,Evening,Bike,9,9.0,17,58.7
577,3.37,Clear,High,Morning,Bike,9,,28,96.46000000000001
935,3.85,Rainy,Medium,Afternoon,Bike,26,3.0,46,161.8
568,9.03,Clear,Low,,Bike,11,5.0,43,174.74
595,17.99,Snowy,Low,Afternoon,Bike,15,3.0,63,292.41999999999996
531,16.35,Clear,Medium,Morning,Bike,16,0.0,66,286.8
582,19.61,Clear,High,Evening,Bike,8,6.0,72,312.88
708,16.29,Clear,Low,Morning,Bike,20,1.0,72,304.32
449,7.84,Windy,Low,Afternoon,Bike,6,4.0,28,127.72
454,18.17,Rainy,Low,Afternoon,Car,13,0.0,71,306.86
229,17.89,Windy,Low,,Bike,27,1.0,101,385.62
353,13.34,Clear,Medium,Night,Bike,20,6.0,53,242.72
729,4.43,Foggy,Low,Morning,Scooter,10,1.0,63,176.44
213,13.21,Clear,,Morning,Scooter,12,4.0,63,249.68
80,2.76,Windy,Medium,Night,Bike,6,2.0,27,85.08
149,1.5,Foggy,Medium,Evening,Scooter,15,4.0,32,98.5
303,11.04,Clear,Medium,Afternoon,Scooter,8,2.0,54,208.32
629,1.22,Clear,Medium,Evening,Scooter,6,,14,46.76
778,14.58,Clear,Low,Afternoon,Bike,13,,57,250.14
507,18.26,Rainy,High,Night,Scooter,28,7.0,93,374.08000000000004
343,3.88,Foggy,Low,Evening,Car,27,9.0,42,155.54
486,18.07,Clear,High,Afternoon,Scooter,5,2.0,67,286.06
712,12.11,Clear,Medium,Evening,Bike,28,0.0,75,288.88
134,7.08,Clear,Medium,Afternoon,Scooter,5,8.0,27,118.14
704,3.12,Rainy,Low,Evening,Scooter,14,5.0,28,101.96000000000001
312,2.03,Foggy,High,Evening,Car,14,4.0,36,109.24
723,1.8,Clear,,Night,Bike,14,1.0,28,91.4
630,5.42,Clear,Low,Evening,Scooter,11,9.0,26,111.86
1,7.8,Clear,Low,Evening,Scooter,23,5.0,52,200.9
317,8.47,Rainy,Low,Afternoon,Scooter,19,0.0,48,192.26
707,6.79,Rainy,Low,Evening,Scooter,16,1.0,39,156.32
548,13.6,Rainy,Medium,Afternoon,Scooter,23,6.0,83,309.3
873,13.06,Rainy,High,Morning,Bike,17,8.0,59,247.98000000000002
533,19.93,Snowy,Low,Afternoon,Bike,6,6.0,59,286.44
478,11.3,Snowy,Medium,Afternoon,Bike,15,8.0,70,252.9
405,6.74,Rainy,Medium,Evening,Car,21,9.0,47,179.42000000000002
173,10.49,Rainy,Low,Morning,Bike,28,9.0,66,257.92
126,8.83,,Medium,Evening,Scooter,12,3.0,109,306.64
395,7.15,Clear,High,Night,Car,29,7.0,60,220.7
421,15.94,Clear,Low,Evening,Bike,24,2.0,77,317.52
553,11.26,Foggy,High,Afternoon,Bike,14,2.0,70,251.07999999999998
904,11.87,Clear,Medium,Morning,Bike,10,6.0,43,195.95999999999998
91,2.83,Windy,Medium,Afternoon,Scooter,14,6.0,28,99.64
940,11.74,Clear,Low,Afternoon,Car,20,1.0,52,227.92000000000002
182,2.71,Clear,Low,Morning,Scooter,6,1.0,20,70.68
275,10.47,Clear,High,Evening,Scooter,14,7.0,55,214.76
896,4.5,Snowy,High,Evening,Bike,24,0.0,66,204.0
70,19.74,,Low,,Car,21,7.0,71,331.41999999999996
292,1.23,Clear,Low,Evening,Bike,18,6.0,21,78.84
132,4.83,Clear,Low,Evening,Bike,11,1.0,29,113.14
301,1.51,Clear,High,Afternoon,Bike,14,2.0,32,97.08
425,1.62,Windy,Low,Evening,Bike,9,8.0,16,58.46
327,11.31,Clear,High,Evening,Bike,20,0.0,67,254.48000000000002
145,6.05,Clear,Medium,Morning,Car,24,0.0,48,180.4
424,10.14,Clear,Medium,Morning,Scooter,20,1.0,59,229.12
581,9.45,Clear,Low,Afternoon,Car,13,0.0,49,193.1
136,6.8,Clear,High,Evening,Bike,28,5.0,55,206.4
451,15.65,Clear,Low,Afternoon,Bike,27,0.0,76,317.7
165,2.26,Clear,Medium,Morning,Scooter,6,3.0,19,65.08
29,12.05,Clear,Low,Evening,Scooter,29,4.0,61,261.9
774,8.25,Windy,Medium,Evening,Car,24,4.0,62,226.0
194,12.85,Rainy,Medium,Afternoon,Scooter,23,0.0,80,297.3
389,15.14,Windy,Medium,Morning,Bike,15,4.0,71,285.62
853,4.59,Foggy,Low,Evening,Scooter,19,8.0,36,137.22
170,12.02,Clear,Low,Afternoon,Bike,26,0.0,63,261.15999999999997
706,19.8,Clear,High,Evening,Bike,7,3.0,88,344.9
141,19.27,Foggy,High,Afternoon,Bike,14,6.0,92,359.15999999999997
174,4.92,Clear,High,Morning,Scooter,12,0.0,41,139.36
7,1.63,Rainy,Medium,Night,Bike,24,5.0,38,125.03999999999999
746,18.04,Clear,Medium,Morning,Bike,8,5.0,71,298.32
479,19.4,Snowy,,Afternoon,Scooter,23,9.0,92,373.7
74,16.4,Clear,High,Morning,Scooter,12,2.0,70,289.2
911,12.01,Clear,Low,Morning,Car,5,7.0,42,187.57999999999998
814,18.46,Clear,,,Scooter,29,1.0,153,497.18
239,13.09,Windy,Low,,Scooter,17,1.0,69,268.22
146,1.22,Foggy,High,Afternoon,Scooter,14,2.0,38,106.76
793,10.36,Rainy,Medium,Afternoon,Bike,7,8.0,39,171.38
235,4.31,Rainy,Medium,Afternoon,Bike,9,2.0,35,117.97999999999999
221,13.32,Windy,Medium,Afternoon,Bike,26,0.0,71,287.56
924,16.1,Clear,Low,Morning,Car,16,6.0,61,274.8
501,14.11,Rainy,High,Morning,Scooter,24,3.0,93,334.88
133,2.84,Clear,Medium,Night,Scooter,28,1.0,44,152.72
991,16.09,Snowy,Low,Morning,Car,13,6.0,69,286.22
775,16.05,Snowy,Medium,Evening,Bike,11,2.0,89,322.9
186,13.37,Windy,High,Afternoon,Scooter,17,8.0,63,258.46
42,10.16,Snowy,Medium,Night,Bike,10,1.0,67,230.28
697,6.13,Clear,Medium,Night,Scooter,22,0.0,48,178.04
109,4.96,Rainy,Low,Afternoon,Car,10,7.0,28,110.68
589,3.0,Clear,Low,Morning,Scooter,29,1.0,43,153.5
57,2.23,Snowy,Medium,Evening,Car,14,0.0,41,120.84
406,17.96,Clear,,Evening,Scooter,26,0.0,74,330.68
443,7.8,Rainy,Medium,Morning,Bike,11,7.0,49,176.9
758,10.9,Clear,High,Afternoon,Scooter,6,8.0,47,190.2
998,3.17,Clear,Low,Afternoon,Bike,17,1.0,28,106.86
25,9.39,Windy,Medium,Morning,Scooter,21,9.0,50,206.62
468,17.44,Clear,Low,Evening,Bike,25,9.0,89,355.02
540,3.02,Rainy,Medium,Morning,Bike,23,1.0,46,150.66
532,19.99,Rainy,High,Evening,Bike,17,1.0,112,409.41999999999996
619,16.22,Rainy,High,Evening,Bike,22,0.0,102,366.76
695,2.74,Clear,High,Afternoon,Bike,18,9.0,37,122.92
927,5.74,Rainy,High,Evening,Bike,13,9.0,46,157.42000000000002
339,9.75,Clear,Low,Afternoon,Bike,22,7.0,50,211.0
52,15.62,Rainy,Medium,Afternoon,Scooter,23,7.0,78,315.46
508,16.54,Rainy,Medium,Afternoon,Bike,25,7.0,77,323.82
517,7.84,Rainy,Low,Morning,Scooter,7,8.0,36,145.22
921,17.44,,Low,Night,Car,23,0.0,85,344.02
782,11.08,Windy,High,Afternoon,Bike,16,6.0,70,252.64
265,17.61,Clear,Medium,Evening,Scooter,21,9.0,79,330.38
818,8.28,Snowy,Low,Evening,Car,29,7.0,58,225.74
711,15.32,Clear,Medium,Morning,Bike,17,6.0,80,308.06
683,3.83,Rainy,Low,Evening,Car,27,3.0,49,169.14
833,3.25,Rainy,,Evening,Scooter,29,0.0,51,171.5
519,19.75,Clear,Medium,Morning,Bike,25,1.0,103,401.5
448,15.19,Foggy,Low,Evening,Scooter,6,4.0,53,236.51999999999998
19,8.92,Windy,,Morning,Bike,25,4.0,62,232.86
716,18.63,Windy,Low,Afternoon,Bike,11,5.0,85,335.53999999999996
484,12.74,Clear,Low,Night,Scooter,18,0.0,67,262.92
569,18.13,Rainy,High,Evening,Bike,21,2.0,88,352.53999999999996
434,2.47,Rainy,Low,Afternoon,Car,22,6.0,34,120.76
368,18.15,Windy,Medium,Morning,Bike,11,2.0,89,339.7
84,1.74,Foggy,High,Afternoon,Scooter,8,9.0,28,81.92
62,5.79,Windy,Medium,Morning,Bike,26,6.0,49,183.32
639,5.75,Windy,High,Morning,Scooter,7,4.0,37,130.5
273,17.41,Snowy,Medium,Evening,Bike,20,4.0,80,329.28
286,1.2,Rainy,Low,Morning,Scooter,24,7.0,33,111.6
361,8.07,Windy,Low,Evening,Bike,21,4.0,48,192.06
355,1.88,Clear,Medium,Morning,Scooter,24,7.0,35,121.03999999999999
457,0.72,Rainy,Medium,Afternoon,Scooter,9,2.0,23,65.25999999999999
279,14.19,Clear,Medium,Afternoon,Bike,9,1.0,57,241.01999999999998
13,16.73,Windy,High,Afternoon,Scooter,9,7.0,71,289.34000000000003
183,18.53,Rainy,Low,Afternoon,Scooter,8,8.0,57,274.24
369,4.32,Clear,Low,Morning,Bike,21,9.0,34,134.06
882,13.6,Foggy,High,Evening,Bike,9,7.0,61,244.3
616,18.46,Rainy,Low,Morning,Bike,19,9.0,94,364.18
224,7.67,Windy,Low,Morning,Car,9,2.0,31,136.86
573,8.23,Snowy,Low,Evening,Bike,17,3.0,56,203.34
971,13.44,Clear,Low,Night,Bike,29,0.0,63,277.02
654,15.04,Clear,Low,Morning,Car,24,5.0,60,276.32
546,7.48,Clear,Medium,Morning,Car,21,4.0,52,195.34
583,10.11,Rainy,,Afternoon,Scooter,23,2.0,63,241.38
634,10.88,Snowy,Low,Afternoon,Car,13,3.0,52,210.54000000000002
177,13.97,Snowy,Low,Evening,Scooter,14,8.0,52,236.76
666,3.48,Foggy,Low,Afternoon,Scooter,9,1.0,31,103.34
674,10.73,Foggy,Low,Morning,Bike,6,6.0,35,164.84
586,5.18,Clear,Medium,Afternoon,Car,9,2.0,30,114.94
874,8.47,Foggy,Medium,Evening,Bike,24,0.0,68,239.76
394,15.64,Rainy,Low,,Bike,20,4.0,141,437.12
164,10.95,Snowy,,Afternoon,Bike,9,1.0,65,231.1
249,19.29,Windy,Medium,Evening,Scooter,7,8.0,84,332.82
635,2.59,Windy,Medium,,Bike,13,5.0,28,96.22
886,3.98,Clear,High,Night,Car,19,3.0,41,142.34
670,6.06,Foggy,Low,Afternoon,Scooter,10,8.0,41,145.48
376,6.72,Foggy,Low,Evening,Bike,8,5.0,31,127.75999999999999
413,19.04,Clear,Medium,Morning,Scooter,27,2.0,85,362.82
75,14.28,Windy,High,Afternoon,Scooter,23,5.0,77,302.74
114,16.26,Rainy,High,Morning,Bike,16,6.0,70,294.08000000000004
599,4.25,Clear,Low,Afternoon,Bike,5,4.0,22,85.5
962,12.26,Clear,Low,Afternoon,Bike,20,2.0,66,260.08
391,19.81,Clear,Low,Afternoon,Bike,27,1.0,74,346.98
105,18.2,Windy,Medium,Morning,Bike,27,1.0,108,402.1
115,12.85,Rainy,Medium,Morning,Scooter,14,8.0,73,269.8
418,6.91,Clear,Low,Evening,Bike,27,8.0,91,277.78
526,9.64,Clear,Low,Morning,Bike,10,5.0,46,184.12
458,9.64,Rainy,Medium,Evening,Bike,14,6.0,52,202.12
410,2.28,Foggy,Medium,Morning,Scooter,27,6.0,44,146.74
93,15.34,Rainy,Low,Afternoon,Bike,18,6.0,54,257.72
931,3.22,Rainy,Medium,Night,Bike,14,8.0,34,114.76
90,9.71,Clear,Low,Morning,Bike,8,1.0,49,187.68
337,17.18,Clear,Medium,Night,Scooter,13,1.0,62,280.94
989,5.3,Clear,Medium,Afternoon,Scooter,29,3.0,47,179.9
922,10.0,Clear,Medium,Afternoon,Scooter,6,9.0,47,183.0
934,10.75,Rainy,Medium,Morning,Bike,8,6.0,60,218.0
606,9.49,Rainy,Medium,Morning,Car,23,6.0,53,216.42000000000002
594,7.24,Clear,Medium,Afternoon,Bike,28,7.0,57,213.92000000000002
612,16.09,Rainy,Low,Morning,Bike,21,8.0,66,292.22
95,15.53,Clear,Low,Morning,Bike,26,6.0,83,329.24
12,19.41,Windy,Low,Morning,Bike,11,8.0,62,295.78
397,17.24,Clear,Low,Evening,Bike,17,5.0,69,301.41999999999996
534,11.33,,Low,Morning,Bike,25,3.0,60,248.14
44,18.23,Rainy,Low,Afternoon,Scooter,27,9.0,86,358.34000000000003
43,1.17,Clear,Medium,Morning,Bike,16,9.0,25,83.36
330,5.33,Clear,Low,Evening,Car,29,1.0,51,188.14
168,4.14,Rainy,Low,Morning,Bike,23,2.0,41,149.62
498,2.02,Clear,High,Evening,Bike,28,5.0,44,146.16
877,14.46,Rainy,Medium,Morning,Scooter,11,9.0,68,268.18
598,3.86,Clear,Medium,Afternoon,Bike,21,8.0,34,130.38
757,12.59,Windy,Medium,Morning,Bike,13,9.0,62,244.22
101,1.11,Clear,High,Morning,Scooter,22,8.0,35,111.88
427,9.11,Clear,Low,Afternoon,Bike,19,6.0,42,185.38
179,18.77,Snowy,Medium,Evening,Bike,24,0.0,115,416.15999999999997
445,16.35,Foggy,Medium,Night,Bike,16,6.0,67,288.8
417,6.22,Clear,Low,Afternoon,Bike,16,9.0,29,131.76
871,7.78,Foggy,High,Afternoon,Bike,25,3.0,74,247.74
883,0.88,Rainy,Low,Night,Car,27,2.0,37,121.54
681,16.43,Clear,Low,Evening,Bike,13,5.0,56,262.94
178,8.04,Clear,Medium,Evening,Car,27,0.0,65,234.82
396,18.65,Foggy,Low,Night,Car,19,2.0,68,313.7
912,5.73,Foggy,Low,Morning,Scooter,7,2.0,30,116.34
794,12.42,Rainy,Low,Evening,Bike,28,9.0,79,299.36
961,2.11,Clear,Low,Afternoon,Scooter,28,5.0,34,126.88
685,18.62,Clear,Low,Evening,Scooter,27,6.0,75,339.46000000000004
384,17.61,Clear,Medium,Morning,Scooter,19,3.0,80,329.38
957,10.62,Rainy,Medium,Night,Bike,7,2.0,48,191.45999999999998
752,18.83,,Medium,Night,Bike,8,0.0,68,298.64
258,14.07,Clear,Medium,Morning,Bike,16,9.0,73,282.56
539,9.29,Clear,Medium,Evening,Bike,10,9.0,40,169.32
336,1.29,Rainy,Low,Evening,Bike,7,7.0,15,50.82
16,4.08,Windy,Medium,Afternoon,Bike,7,0.0,33,109.14
325,19.12,Windy,High,Evening,Car,8,0.0,92,348.96000000000004
759,17.93,Clear,Medium,Afternoon,Bike,29,4.0,85,356.94
223,2.33,,Low,Morning,Car,6,1.0,17,61.64
180,3.18,Rainy,Medium,Evening,Bike,21,3.0,42,140.94
984,1.97,Clear,High,Morning,Car,28,7.0,43,143.76
23,6.2,Windy,High,Evening,Scooter,7,3.0,42,144.1
357,1.02,Windy,High,Evening,Bike,6,8.0,21,59.16
667,5.3,Clear,Low,Evening,Bike,16,5.0,32,130.4
862,9.34,Rainy,Low,Evening,Car,10,0.0,40,169.72
341,10.09,Clear,Medium,Evening,Bike,7,0.0,49,189.22
432,15.35,Rainy,High,Night,Scooter,23,9.0,80,317.3
552,17.12,Rainy,Low,Morning,Bike,26,3.0,86,347.96000000000004
834,3.94,Snowy,Low,Afternoon,Bike,19,3.0,43,146.01999999999998
204,18.02,Clear,,Evening,Car,12,3.0,77,316.15999999999997
631,14.41,Snowy,Medium,Evening,Bike,8,8.0,75,277.28
94,11.44,Rainy,Medium,Evening,Car,20,2.0,57,235.51999999999998
559,15.23,Foggy,Low,Morning,Car,6,0.0,52,234.84
69,1.95,Clear,Low,Morning,Scooter,16,2.0,23,85.6
623,7.72,Rainy,Medium,Morning,Bike,11,,36,150.26
285,11.78,Clear,Low,Afternoon,Scooter,26,3.0,71,275.24
845,3.4,Windy,Medium,Morning,Bike,11,6.0,30,103.7
435,2.14,Clear,High,Evening,Bike,18,3.0,34,112.12
154,10.04,Rainy,High,Afternoon,Bike,12,9.0,59,216.32
76,14.72,Clear,,Evening,Scooter,15,8.0,80,300.26
731,3.7,Clear,Medium,Morning,Bike,28,7.0,45,161.6
447,19.73,Rainy,Low,Evening,Bike,8,8.0,64,297.84000000000003
189,10.83,Clear,Medium,Evening,Scooter,8,9.0,51,200.64
272,16.3,Foggy,Low,Morning,Car,12,1.0,100,348.4
237,5.98,Foggy,High,Morning,Bike,14,6.0,44,156.84
488,5.98,Rainy,High,Morning,Bike,21,2.0,60,199.34
118,4.14,Foggy,Medium,Morning,Bike,21,0.0,46,156.62
944,16.68,,Medium,Afternoon,Bike,9,9.0,63,272.94
513,18.69,Windy,Medium,Night,Bike,23,9.0,74,332.02
826,18.44,Rainy,High,Morning,Bike,27,7.0,80,348.02
592,13.0,Windy,High,Morning,Bike,22,8.0,65,267.0
127,16.45,,Medium,Evening,Scooter,25,3.0,87,343.1
117,16.17,Clear,Medium,Evening,Car,10,2.0,116,376.36
474,17.88,Clear,Medium,Evening,Bike,29,3.0,98,382.53999999999996
694,5.23,Clear,Medium,Morning,Scooter,19,4.0,37,144.34
58,4.32,,Medium,Morning,Bike,17,4.0,36,132.06
864,9.09,Rainy,Medium,Morning,Bike,6,7.0,43,167.72
913,12.67,Windy,Medium,Morning,Scooter,7,3.0,43,197.86
370,1.85,Clear,Medium,Evening,Bike,10,1.0,24,77.8
269,7.51,Rainy,Low,Evening,Car,27,6.0,50,200.57999999999998
47,6.58,Clear,Low,Afternoon,Bike,13,1.0,34,140.14
350,12.7,Clear,Low,Morning,Scooter,22,2.0,57,248.6
196,7.31,Foggy,Medium,Afternoon,Bike,26,2.0,65,227.48
1000,9.2,Clear,High,Morning,Scooter,9,9.0,48,183.1
835,10.22,Foggy,Low,Afternoon,Scooter,21,0.0,61,235.26
737,8.15,Clear,High,Evening,Scooter,12,9.0,43,169.2
264,10.61,Clear,Medium,Morning,Bike,17,0.0,59,228.38
444,7.73,Clear,High,Night,Bike,29,5.0,58,221.34
676,19.66,Clear,Low,Morning,Car,19,6.0,70,325.78
305,14.66,Snowy,High,Morning,Car,5,6.0,71,266.78
342,9.73,Clear,Low,Afternoon,Bike,29,6.0,60,241.34
967,14.52,Clear,Medium,Afternoon,Car,26,5.0,86,327.15999999999997
150,5.93,Foggy,High,,Scooter,27,1.0,106,299.94
125,4.94,Rainy,High,Evening,Scooter,28,4.0,63,207.52
787,11.88,Rainy,High,Afternoon,Car,29,9.0,78,294.54
51,19.41,Foggy,Medium,Morning,Car,7,6.0,66,297.78
354,3.68,,High,Afternoon,Car,16,6.0,47,147.44
928,11.06,Clear,High,Evening,Bike,6,9.0,53,203.48000000000002
143,10.2,Rainy,Medium,Afternoon,Bike,18,9.0,56,220.6
471,0.74,Rainy,Low,Morning,Car,13,4.0,21,67.42
400,15.21,Snowy,Medium,Afternoon,Bike,20,9.0,90,331.68
626,7.69,Rainy,High,Morning,Scooter,16,3.0,58,201.52
321,11.21,Clear,High,Afternoon,Scooter,23,1.0,76,276.18
20,6.18,Clear,Medium,Evening,Bike,9,9.0,35,132.94
810,2.71,Clear,Medium,Morning,Car,6,5.0,19,68.68
791,3.49,Clear,Medium,Morning,Bike,17,2.0,38,129.42000000000002
809,9.29,Clear,Medium,Morning,Bike,17,2.0,49,197.82
408,0.71,Foggy,Low,Night,Bike,29,1.0,41,131.18
538,5.32,Rainy,Low,Afternoon,Scooter,27,2.0,48,179.06
621,4.1,Clear,Medium,Evening,Car,18,3.0,38,135.8
39,13.84,Clear,Low,Morning,Scooter,18,,64,265.72
176,3.9,Rainy,High,Morning,Car,25,9.0,54,176.7
246,18.6,Rainy,Medium,Morning,Car,28,9.0,77,344.8
829,14.88,Snowy,Medium,Evening,Bike,10,0.0,64,262.04
668,3.63,Windy,Medium,Morning,Car,22,9.0,39,140.04
755,3.22,Windy,High,Morning,Car,7,7.0,27,90.26
859,11.51,Foggy,Low,Afternoon,Car,5,7.0,57,213.57999999999998
155,19.72,Rainy,Low,Afternoon,Bike,27,6.0,109,416.26
288,11.08,Clear,Low,Evening,Scooter,28,2.0,58,246.64
603,3.95,Clear,Medium,Morning,Car,28,5.0,47,167.6
570,7.29,Clear,High,Evening,Car,11,7.0,48,170.82
744,10.3,Clear,Low,Morning,Car,12,7.0,41,182.4
18,10.73,Rainy,High,Afternoon,Car,27,6.0,83,292.34000000000003
128,17.28,Clear,Low,Morning,Car,28,3.0,72,324.24
323,13.37,Foggy,Medium,Evening,Scooter,16,9.0,71,272.96
256,11.36,Clear,Medium,Morning,Scooter,8,2.0,52,206.88
658,7.58,Clear,High,Afternoon,Scooter,19,9.0,57,203.14
965,6.13,Rainy,High,,Bike,25,6.0,59,204.54
191,2.32,Clear,Low,Afternoon,Scooter,23,1.0,32,117.06
116,17.49,Rainy,Low,Evening,Bike,27,9.0,97,374.41999999999996
617,1.69,Windy,,Afternoon,Car,11,7.0,20,70.02
607,4.52,,Low,Evening,Car,17,0.0,71,203.66
181,7.15,Windy,Low,Morning,Bike,15,3.0,42,163.7
302,10.86,Windy,Medium,,Car,10,4.0,60,221.88
760,15.88,Rainy,Low,Evening,Car,17,1.0,68,288.54
713,9.7,Snowy,Low,Evening,Bike,6,,45,176.6
724,14.95,Clear,Medium,Morning,Bike,13,7.0,49,237.1
686,11.36,Foggy,Low,Afternoon,Bike,6,4.0,47,193.88
980,12.14,Foggy,High,Afternoon,Bike,12,0.0,65,245.12
518,16.31,Foggy,Medium,Afternoon,Car,14,7.0,71,293.48
985,14.7,Clear,Medium,Evening,Scooter,24,5.0,75,303.6
46,13.42,Rainy,Medium,Evening,Bike,6,6.0,105,326.36
910,7.9,Clear,Low,Afternoon,Scooter,22,,48,192.2
158,15.35,Foggy,Low,Morning,Car,5,3.0,56,242.3
852,15.12,Foggy,Low,Morning,Bike,14,1.0,58,257.96
172,0.82,Windy,Low,Morning,Car,18,9.0,23,79.56
17,6.43,Clear,Low,Evening,Car,9,7.0,26,116.94
512,8.66,Snowy,High,Morning,Bike,29,3.0,77,266.78
49,11.16,Foggy,Medium,Afternoon,Car,21,4.0,77,274.78
972,18.77,Foggy,Low,Afternoon,Car,15,,71,314.65999999999997
941,5.84,Clear,,Evening,Bike,21,7.0,35,148.22
516,1.01,Clear,High,Night,Bike,17,7.0,29,91.58
953,3.92,Rainy,Medium,Night,Bike,20,9.0,41,143.36
481,12.77,Foggy,Low,Morning,Bike,22,8.0,71,277.15999999999997
284,2.33,Clear,Low,Evening,Bike,9,2.0,18,68.14
719,2.92,Windy,High,Afternoon,Bike,24,4.0,48,155.36
878,13.35,Rainy,Low,Evening,Scooter,14,4.0,91,309.8
226,5.26,Rainy,Medium,Evening,Scooter,28,8.0,51,186.07999999999998
27,4.39,Foggy,Medium,Night,Bike,12,8.0,38,129.12
955,8.67,Windy,High,Morning,Bike,20,4.0,55,209.36
438,16.53,Snowy,Low,Afternoon,Scooter,24,9.0,99,366.24
952,13.47,Clear,Medium,Evening,Bike,19,4.0,59,254.26
365,18.86,Snowy,Medium,Night,Bike,18,1.0,89,355.88
230,12.81,Clear,Low,Morning,Bike,12,2.0,51,222.48000000000002
38,2.4,Snowy,Low,Night,Scooter,27,5.0,42,143.7
966,7.44,Rainy,Medium,Evening,Bike,6,1.0,39,146.52
375,1.89,Clear,Medium,Evening,Scooter,13,7.0,22,78.62
470,19.28,Snowy,Medium,Morning,Car,21,3.0,101,387.74
968,6.29,,Medium,Morning,Scooter,10,7.0,27,119.32
851,1.81,Clear,Medium,Afternoon,Car,23,3.0,34,116.98
705,1.74,Clear,Medium,Night,Bike,23,2.0,34,116.42
842,13.44,Clear,Medium,Morning,Car,22,1.0,79,298.52
195,7.11,Clear,Low,Afternoon,Scooter,27,,48,193.38
855,4.5,Windy,Low,Evening,Scooter,20,6.0,32,130.0
865,8.31,Windy,Medium,Morning,Bike,6,5.0,44,163.48000000000002
504,16.37,Clear,High,Morning,Bike,26,7.0,97,363.96000000000004
970,9.78,Clear,Medium,Afternoon,Bike,18,3.0,58,221.24
831,4.88,Windy,Medium,Afternoon,Scooter,26,7.0,48,174.04
580,5.54,Rainy,Medium,,Scooter,28,9.0,51,188.32
969,11.54,Clear,High,Afternoon,Car,10,0.0,56,219.32
163,12.85,Clear,Low,Afternoon,Scooter,5,,54,218.3
909,5.56,Clear,Low,Afternoon,Scooter,19,5.0,31,134.98
153,3.33,,Medium,Evening,Scooter,24,2.0,44,150.64
802,3.47,Snowy,High,Night,Bike,24,9.0,53,169.76
994,12.01,Clear,Low,Morning,Scooter,26,6.0,57,249.07999999999998
756,15.98,Foggy,Low,Morning,Car,21,6.0,90,339.34000000000003
112,3.64,Clear,Low,Morning,Scooter,16,3.0,26,105.12
227,19.47,Clear,Low,Morning,Bike,16,8.0,83,345.76
689,15.51,Rainy,Medium,Morning,Scooter,10,8.0,81,301.08
104,10.42,Windy,Medium,Afternoon,Bike,28,3.0,72,269.36
422,15.9,Rainy,Low,Evening,Car,19,5.0,78,311.7
420,15.17,Windy,Low,Morning,Bike,25,4.0,77,312.86
751,2.78,Rainy,Low,,Bike,21,4.0,37,127.74
587,1.98,Rainy,Low,Afternoon,Bike,22,0.0,39,126.84
781,14.03,Clear,Low,Afternoon,Bike,17,2.0,65,267.74
673,2.06,Foggy,Medium,Evening,Scooter,22,4.0,40,129.48000000000002
120,11.02,Clear,High,Morning,Scooter,22,2.0,70,261.15999999999997
54,17.95,Snowy,High,Morning,Scooter,16,,96,359.6
152,5.17,Foggy,Low,Morning,Bike,29,0.0,56,196.86
404,16.62,Snowy,Low,Afternoon,Bike,26,8.0,94,359.96000000000004
946,0.71,Rainy,Low,Morning,Car,25,8.0,31,105.18
208,13.44,Clear,,Evening,Scooter,9,5.0,55,231.01999999999998
659,13.1,Clear,Low,Evening,Bike,28,2.0,72,290.8
844,19.24,Rainy,High,Afternoon,Bike,9,7.0,75,317.41999999999996
763,5.35,Clear,Medium,Afternoon,Scooter,24,6.0,43,164.8
9,12.22,Clear,Low,Evening,Scooter,15,0.0,56,232.26
808,18.55,Clear,Low,Afternoon,Car,11,9.0,69,302.9
37,6.44,Clear,Low,Afternoon,Car,18,2.0,43,164.52
453,8.77,Foggy,Medium,Evening,Car,14,7.0,49,189.16
652,10.97,Clear,Low,Afternoon,Scooter,27,3.0,51,230.26
254,6.68,Clear,High,Morning,Scooter,10,5.0,44,156.44
304,12.93,Rainy,Low,Afternoon,Scooter,25,0.0,61,262.94
747,7.99,Clear,Medium,Evening,Bike,18,4.0,42,174.92000000000002
572,15.78,Clear,High,Afternoon,Scooter,12,1.0,68,280.24
624,9.95,Windy,High,Evening,Scooter,21,5.0,72,255.1
733,13.47,Rainy,Low,Afternoon,Scooter,7,6.0,46,210.26
892,17.19,Clear,Medium,Afternoon,Bike,11,8.0,76,306.02
263,3.23,Clear,High,Afternoon,Bike,17,9.0,33,117.34
611,1.27,Foggy,High,Afternoon,Bike,25,9.0,46,139.66
298,4.71,Clear,Low,Morning,Bike,20,6.0,31,129.68
415,12.82,Rainy,Medium,Evening,Bike,28,9.0,72,288.56
151,18.21,,Low,Evening,Bike,6,3.0,74,302.68
789,9.51,Clear,High,Morning,Bike,26,9.0,63,241.07999999999998
641,0.89,Rainy,Low,Morning,Car,9,0.0,20,60.62
890,5.24,Windy,High,Afternoon,Scooter,26,8.0,51,182.92000000000002
551,10.64,Windy,Low,Evening,Car,11,9.0,36,173.62
887,13.23,Clear,Medium,Night,Bike,20,8.0,70,275.84000000000003
489,19.03,Clear,Medium,Morning,Scooter,8,8.0,65,294.24
148,10.3,Rainy,Low,Evening,Bike,29,0.0,73,271.9
147,12.39,Snowy,Medium,Evening,Bike,14,8.0,56,232.12
721,18.8,Clear,High,Afternoon,Bike,23,7.0,95,374.9
932,16.78,Rainy,Medium,Morning,Bike,22,1.0,70,307.24
740,7.85,Clear,Low,Afternoon,Scooter,7,9.0,34,141.3
660,11.63,Clear,Medium,Night,Scooter,29,7.0,57,250.54000000000002
349,7.8,Windy,Medium,Afternoon,Car,17,6.0,44,175.9
464,11.88,Rainy,Medium,Afternoon,Bike,5,1.0,63,228.54000000000002
326,14.89,Clear,High,Evening,Car,22,9.0,88,328.12
187,16.44,Rainy,High,Afternoon,Bike,12,,86,321.52
124,2.65,,Medium,Afternoon,Car,14,4.0,35,112.2
854,18.01,Foggy,High,Night,Bike,14,2.0,71,307.08000000000004
609,10.32,Clear,Medium,Night,Car,24,5.0,49,216.56
144,6.37,Rainy,Low,Afternoon,Car,29,4.0,56,206.46
959,3.74,Rainy,Low,Morning,Bike,19,6.0,36,130.42000000000002
198,17.99,Windy,High,Evening,Bike,5,1.0,73,297.41999999999996
610,13.96,Rainy,Low,Night,Bike,5,1.0,42,203.18
280,16.02,Clear,Low,Evening,Bike,20,7.0,61,280.15999999999997
294,7.52,,Medium,Afternoon,Car,17,9.0,44,173.66
401,2.51,Clear,Low,Morning,Bike,16,2.0,28,100.08
123,6.7,Foggy,High,Morning,Scooter,23,3.0,59,206.1
184,17.61,Windy,Low,Morning,Bike,5,8.0,61,270.38
203,3.65,Clear,Medium,Morning,Bike,29,9.0,46,164.7
439,14.27,Clear,Medium,Night,Car,24,3.0,77,304.15999999999997
247,8.85,Clear,Low,Afternoon,Bike,11,9.0,45,177.3
416,9.24,Windy,,Afternoon,Bike,8,2.0,49,183.92000000000002
933,19.7,Rainy,Low,Evening,Car,16,6.0,66,313.6
766,11.61,Clear,High,Morning,Car,19,1.0,67,255.38
907,16.44,Windy,High,Afternoon,Car,8,0.0,80,303.52
836,8.67,Rainy,High,Afternoon,Bike,12,7.0,104,295.36
888,5.14,Clear,Medium,Evening,Scooter,23,7.0,43,161.62
130,10.46,Clear,,Evening,Bike,25,3.0,68,257.18
638,5.23,Clear,Medium,Morning,Scooter,23,2.0,47,170.34
403,10.35,Clear,Medium,Night,Bike,7,9.0,48,189.3
785,4.04,Rainy,High,Evening,Bike,14,6.0,39,131.32
771,2.66,Clear,Low,Afternoon,Bike,16,8.0,21,87.28
736,17.61,Foggy,Medium,Afternoon,Bike,9,5.0,74,302.38
914,8.48,Clear,High,Night,Bike,11,5.0,39,162.34
220,17.06,Clear,Low,Evening,Bike,9,9.0,66,281.98
642,6.78,Foggy,Low,Night,Bike,18,6.0,42,165.24
916,9.0,Snowy,Medium,Afternoon,Car,29,3.0,78,271.5
753,12.74,Clear,Low,Afternoon,Scooter,12,0.0,63,245.92000000000002
807,18.72,Rainy,Medium,Afternoon,Bike,17,0.0,89,353.26
920,3.23,Clear,Low,,Bike,7,7.0,14,64.34
625,12.56,Clear,Low,Morning,Car,22,8.0,49,231.48000000000002
875,1.0,Snowy,Medium,Morning,Bike,28,0.0,51,152.0
761,3.46,Clear,Low,Morning,Bike,24,6.0,37,137.68
387,6.0,Snowy,Low,Morning,Car,20,8.0,53,184.0
973,14.79,Clear,Medium,Morning,Scooter,12,9.0,64,264.32
510,14.65,Snowy,High,Morning,Car,19,3.0,95,335.7
268,14.2,Clear,Medium,Afternoon,Bike,17,1.0,73,285.1
820,7.04,Clear,Low,Afternoon,Bike,11,8.0,38,148.82
442,19.74,Clear,,Afternoon,Car,16,1.0,98,377.91999999999996
497,11.88,Rainy,Medium,Evening,Bike,20,8.0,69,263.04
113,18.63,Clear,Low,Evening,Bike,26,8.0,75,338.03999999999996
692,8.8,Rainy,Medium,Afternoon,Bike,6,2.0,38,155.4
233,11.75,Clear,High,Morning,Bike,9,2.0,55,217.5
870,18.95,Snowy,Low,Morning,Car,27,0.0,92,376.1
608,7.6,Foggy,Low,Morning,Bike,16,4.0,48,180.8
672,17.99,Foggy,Low,Morning,Car,11,2.0,84,328.41999999999996
374,13.82,Clear,Medium,Evening,Bike,21,9.0,72,286.06
982,15.53,Foggy,Low,Evening,Bike,26,7.0,68,299.24
843,3.97,Clear,High,Afternoon,Bike,19,8.0,40,140.26
234,10.1,Clear,High,Morning,Car,17,6.0,55,216.3
786,18.21,Foggy,Low,Morning,Bike,5,1.0,70,293.18
677,2.68,Clear,Low,Morning,Bike,16,8.0,25,95.44
318,3.88,Snowy,Low,Morning,Bike,9,6.0,33,110.53999999999999
649,15.89,Snowy,Medium,Afternoon,Car,15,9.0,91,331.62
411,6.73,Clear,Medium,Afternoon,Bike,21,1.0,54,193.34
899,0.75,Clear,Medium,Afternoon,Bike,10,5.0,16,53.0
710,13.79,Rainy,Low,Night,Scooter,11,0.0,69,264.82
359,18.83,Clear,Medium,Evening,Scooter,5,8.0,69,296.14
259,11.62,Clear,Low,Afternoon,Bike,9,8.0,33,172.45999999999998
745,5.03,Clear,Medium,Morning,Bike,17,,38,141.74
628,15.08,Rainy,Medium,Evening,Scooter,26,1.0,94,347.64
633,10.48,Rainy,Low,Afternoon,Car,10,7.0,45,188.84
283,7.82,Rainy,Medium,Evening,Bike,16,8.0,45,176.56
377,16.98,Clear,Low,,Bike,11,6.0,78,308.34000000000003
385,14.83,Rainy,Low,Morning,Car,19,4.0,126,399.14
225,5.67,Clear,Low,Morning,Scooter,11,9.0,27,115.86
954,18.33,Snowy,Medium,Morning,Scooter,5,5.0,67,288.14
815,17.46,Clear,Medium,Morning,Scooter,6,,62,272.68
473,1.34,Foggy,High,Evening,Bike,9,5.0,30,84.22
348,1.38,Clear,Low,Morning,Scooter,13,9.0,17,64.53999999999999
506,3.67,Clear,Low,,Bike,9,0.0,26,94.86
640,7.86,Windy,Medium,Morning,Car,22,2.0,55,205.88
988,8.98,Clear,Medium,Afternoon,Scooter,22,8.0,105,314.84000000000003
929,12.85,Rainy,Medium,Evening,Scooter,6,7.0,61,233.8
906,17.91,Clear,Low,Afternoon,Bike,6,7.0,68,288.28
620,15.09,Snowy,Low,Morning,Car,20,7.0,68,286.72
856,4.22,Clear,Medium,Morning,Bike,16,7.0,35,127.75999999999999
804,12.33,Clear,High,Night,Bike,7,2.0,101,311.14
646,17.87,Snowy,Low,Morning,Scooter,29,4.0,87,360.46000000000004
847,2.16,Clear,Medium,Night,Car,10,1.0,23,78.28
557,3.11,Rainy,Medium,Morning,Scooter,21,1.0,43,142.38
958,1.42,Clear,High,Afternoon,Scooter,24,2.0,40,127.36
578,18.57,Rainy,Medium,Afternoon,Bike,16,7.0,89,350.56
796,17.51,Clear,Medium,Evening,Bike,15,3.0,60,282.58000000000004
86,6.84,Clear,Medium,Evening,Bike,25,1.0,51,194.22
243,18.34,Snowy,Medium,Afternoon,Scooter,22,,91,361.72
699,3.51,Windy,Medium,Night,Bike,22,2.0,44,149.07999999999998
160,14.7,Clear,Medium,Morning,Scooter,6,2.0,58,242.6
525,16.85,Clear,High,Morning,Car,17,4.0,71,302.3
36,16.26,Rainy,Low,Morning,Car,27,5.0,66,302.58000000000004
541,19.1,Snowy,Medium,Morning,Bike,25,6.0,90,370.3
171,13.71,Rainy,Medium,Evening,Bike,22,9.0,64,270.68
655,8.92,Clear,Medium,,Bike,10,1.0,51,188.36
891,14.58,Clear,Low,Evening,Bike,23,0.0,70,291.14
858,9.71,Clear,Low,Afternoon,Car,27,5.0,61,240.18
848,19.94,Clear,Low,Afternoon,Bike,26,6.0,83,364.52
945,4.53,Snowy,Medium,Morning,Scooter,18,4.0,49,161.24
734,10.7,Clear,High,Afternoon,Car,8,4.0,57,211.6
96,10.13,Clear,Medium,Evening,Bike,22,0.0,65,244.04000000000002
564,0.78,Clear,Low,Afternoon,Bike,11,0.0,18,58.74
241,18.84,Foggy,Medium,Afternoon,Scooter,25,8.0,88,364.22
743,15.08,Snowy,Low,Evening,Bike,29,7.0,84,332.14
575,17.32,Clear,Low,Evening,Scooter,10,3.0,77,307.56
691,6.81,Clear,Medium,Evening,Bike,23,2.0,47,182.98
461,2.79,Clear,High,Morning,Bike,23,7.0,38,132.82
554,11.44,Foggy,High,Afternoon,Car,14,4.0,74,260.52
889,2.44,Snowy,High,Evening,Bike,13,9.0,39,117.02
207,2.48,Rainy,Low,Evening,Scooter,20,8.0,30,109.84
393,7.75,,Medium,Evening,Scooter,21,1.0,55,203.5
795,0.85,Clear,Medium,Morning,Bike,9,8.0,17,54.3
398,8.87,Clear,Low,Evening,Bike,19,3.0,55,209.45999999999998
767,15.37,Snowy,Medium,Afternoon,Car,15,5.0,66,277.46
849,10.29,Foggy,Medium,Evening,Scooter,25,4.0,67,253.82
218,15.06,Rainy,Low,Morning,Bike,22,4.0,65,283.48
5,3.54,Foggy,Low,,Bike,23,7.0,37,136.82
769,7.17,Clear,Medium,Morning,Scooter,7,9.0,29,125.86
643,4.62,Rainy,Medium,Afternoon,Car,8,3.0,33,114.96000000000001
930,5.53,Clear,Low,Morning,Car,10,8.0,27,113.24000000000001
613,12.74,Rainy,Low,Afternoon,Bike,17,9.0,63,253.42000000000002
739,9.06,Clear,High,Evening,Bike,26,3.0,61,233.48000000000002
547,2.71,Foggy,Low,Morning,Bike,6,0.0,28,86.68
726,16.92,Clear,Low,Night,Bike,23,5.0,78,325.86
684,13.54,Foggy,Low,Morning,Bike,11,1.0,54,232.82
99,1.0,Snowy,Medium,Morning,Bike,25,4.0,44,133.5
805,8.77,Clear,Medium,Morning,Car,12,2.0,42,172.16
728,16.01,Windy,Low,Morning,Car,28,0.0,84,338.08000000000004
574,12.63,Foggy,Medium,Night,Scooter,8,8.0,49,211.04000000000002
407,8.09,Foggy,Low,Evening,Car,22,2.0,56,209.72
503,6.54,Clear,Medium,Night,Bike,10,7.0,39,145.32
48,10.64,Clear,Medium,Afternoon,Scooter,14,5.0,45,196.12
33,1.77,Clear,Medium,Evening,Bike,14,9.0,22,79.16
780,13.0,Foggy,Low,Evening,Bike,25,7.0,77,295.5
840,12.83,Clear,Low,Evening,Bike,5,8.0,50,210.14
201,13.02,Snowy,High,Afternoon,Car,6,9.0,65,243.16
135,18.89,Rainy,Medium,Morning,Scooter,22,1.0,74,332.12
28,10.53,Foggy,High,Evening,Bike,25,8.0,72,265.74
881,5.01,Rainy,Low,Afternoon,Bike,10,5.0,31,117.08
231,16.0,Foggy,Medium,Afternoon,Scooter,13,3.0,65,277.5
490,17.86,Clear,Low,Afternoon,Scooter,16,8.0,83,332.88
773,2.99,Foggy,High,Afternoon,Bike,9,5.0,90,217.42000000000002
379,16.38,Clear,Medium,Morning,Bike,6,2.0,51,242.04
289,6.09,Clear,Medium,Night,Bike,7,4.0,27,113.22
419,13.61,Clear,Low,Morning,Bike,26,0.0,66,279.88
675,8.5,Snowy,High,Evening,Bike,14,7.0,56,201.0
392,8.55,Clear,Low,Evening,Scooter,28,8.0,46,202.4
593,4.05,Clear,Medium,Afternoon,Scooter,21,5.0,39,141.9
499,19.5,Clear,High,Morning,Bike,18,2.0,73,329.0
139,7.59,Clear,,Afternoon,Scooter,16,3.0,37,158.72
63,16.66,Snowy,High,Afternoon,Scooter,29,7.0,95,366.78
472,19.41,Snowy,High,Evening,Car,21,3.0,100,386.78
648,13.74,Foggy,Medium,Afternoon,Bike,6,1.0,56,230.92000000000002
129,0.64,Clear,High,Night,Bike,10,3.0,24,68.12
977,12.1,Clear,High,Afternoon,Bike,11,0.0,53,219.3
521,12.09,Clear,Medium,Morning,Car,13,1.0,60,236.22
839,11.82,Windy,Medium,Night,Bike,24,7.0,77,284.56
963,5.28,Foggy,Low,Morning,Bike,27,6.0,53,188.74
65,5.98,Clear,Low,Evening,Car,22,9.0,35,150.84
813,2.93,Clear,Medium,Morning,Bike,24,8.0,94,247.44
15,4.05,Snowy,Medium,Evening,Scooter,19,2.0,50,160.9
157,13.61,Clear,Low,,Scooter,12,2.0,43,212.88
41,2.88,Rainy,,Morning,Car,16,4.0,41,129.04
493,5.91,Clear,Medium,Evening,Scooter,29,4.0,57,204.78
380,6.0,Rainy,Medium,Evening,Scooter,21,2.0,47,173.5
188,11.33,Clear,Medium,Afternoon,Scooter,29,7.0,77,288.14
764,15.01,Clear,Medium,Morning,Bike,15,6.0,64,270.58
217,6.85,Clear,High,Morning,Bike,16,5.0,48,174.8
792,11.93,Snowy,High,Morning,Car,7,1.0,75,255.94
53,18.82,Windy,Low,Morning,Car,5,3.0,77,312.06
879,1.03,Clear,Medium,Afternoon,Bike,19,4.0,29,94.74
338,14.22,Rainy,,Evening,Car,25,8.0,84,319.26
749,18.18,Snowy,High,,Bike,17,3.0,85,340.94
720,14.75,Clear,Low,Morning,Car,10,7.0,62,257.0
725,11.7,Rainy,Low,Afternoon,Bike,17,5.0,60,239.1
296,10.68,Clear,Low,Morning,Bike,14,1.0,42,190.44
702,1.51,Clear,High,Evening,Bike,26,1.0,44,139.07999999999998
252,8.01,Clear,High,Morning,Bike,8,6.0,48,172.07999999999998
727,3.23,Rainy,Low,Morning,Car,25,7.0,42,147.34
462,13.16,Rainy,High,Morning,Scooter,25,8.0,68,278.78
456,10.11,Windy,Low,Morning,Bike,11,4.0,44,185.38
997,18.39,Windy,Low,Afternoon,Bike,24,6.0,74,331.12
816,10.62,Windy,Medium,Afternoon,Car,22,5.0,54,225.95999999999998
863,10.73,Clear,,Afternoon,Bike,7,5.0,57,210.34
270,6.23,Clear,Medium,Evening,Car,20,1.0,51,181.84
202,2.14,Clear,Low,Afternoon,Bike,25,1.0,36,126.62
162,12.83,Clear,Medium,Morning,Bike,19,2.0,76,283.14
556,8.37,Clear,High,Evening,Scooter,13,7.0,42,170.45999999999998
730,3.69,Rainy,Medium,Afternoon,Bike,8,8.0,27,95.52
402,18.1,Clear,Low,Morning,Scooter,8,5.0,77,310.8
703,7.06,Clear,Low,Afternoon,Scooter,26,5.0,51,197.48
477,1.94,Foggy,Low,Night,Bike,10,1.0,25,80.52
822,0.59,Clear,Low,Afternoon,Bike,21,0.0,27,90.22
772,17.01,Snowy,Low,Night,Bike,28,6.0,97,372.08000000000004
106,5.36,Clear,Low,Afternoon,Scooter,11,4.0,30,119.38
566,12.0,Clear,Low,Evening,Car,25,0.0,75,283.5
390,16.23,Clear,Medium,Evening,Bike,6,0.0,54,246.84
2,19.04,Rainy,Low,Evening,Car,12,6.0,60,290.32
938,18.33,Foggy,Medium,Morning,Scooter,19,0.0,98,371.14
983,2.58,Clear,Medium,Morning,Scooter,25,7.0,37,132.14
562,4.65,Clear,Medium,Evening,Bike,21,1.0,46,160.7
81,17.33,Snowy,Low,Evening,Scooter,12,3.0,79,314.64
206,0.68,Snowy,High,Evening,Bike,29,8.0,50,148.94
35,19.33,Clear,Medium,Morning,Bike,7,8.0,73,311.14
776,3.42,Clear,Medium,Night,Car,11,9.0,24,91.86
509,19.02,Rainy,High,Evening,Scooter,22,1.0,106,397.15999999999997
428,17.81,Windy,High,Evening,Bike,21,4.0,122,417.98
455,2.67,Clear,Medium,Night,Car,17,6.0,28,102.86
367,19.24,Snowy,Low,,Bike,26,1.0,114,420.91999999999996
92,14.41,Rainy,,Night,Bike,16,6.0,85,309.28
340,2.41,,Medium,Evening,Bike,15,9.0,25,91.78
898,17.98,Clear,Low,Evening,Bike,5,8.0,45,241.34
565,7.34,Foggy,Medium,Afternoon,Bike,22,5.0,93,277.72
346,12.51,Clear,Medium,Evening,Bike,18,5.0,62,251.07999999999998
777,4.97,Rainy,Low,Evening,Bike,17,9.0,34,133.26
242,19.1,Snowy,Low,Afternoon,Bike,18,1.0,101,381.8
14,4.64,Clear,Low,Afternoon,Bike,15,9.0,24,107.62
316,14.07,Rainy,Low,Evening,Bike,10,5.0,63,253.56
601,3.79,Clear,Medium,Morning,Bike,13,2.0,34,117.82
388,3.96,Clear,Medium,Afternoon,Bike,23,,44,154.18
274,18.31,Clear,Medium,Afternoon,Bike,25,3.0,79,341.98
167,6.76,Foggy,Medium,Night,Bike,7,6.0,42,148.57999999999998
841,0.76,Clear,Low,Afternoon,Car,26,9.0,28,101.08
993,5.81,Rainy,Medium,Evening,Bike,14,8.0,41,149.48
647,12.08,Clear,High,Afternoon,Scooter,16,4.0,60,240.64
819,1.57,Rainy,Low,Evening,Car,16,1.0,30,96.56
485,11.89,Clear,Medium,Afternoon,Bike,28,0.0,79,295.12
981,7.02,Clear,Medium,Evening,Car,23,2.0,53,196.66
505,13.85,Clear,Low,Evening,Bike,29,5.0,71,296.3
832,9.32,Rainy,Medium,Evening,Scooter,24,2.0,71,252.56
244,7.72,Foggy,High,Evening,Bike,19,4.0,64,218.26
567,8.15,Rainy,Low,Afternoon,Bike,26,2.0,50,204.2
876,3.54,Rainy,Medium,Afternoon,Scooter,17,4.0,41,135.82
563,3.16,Snowy,Low,Morning,Car,9,,27,92.78
687,11.65,Windy,Low,Night,Bike,10,3.0,53,214.2
190,5.22,Snowy,Medium,,Scooter,14,3.0,43,148.76
783,5.41,Clear,High,Morning,Scooter,17,6.0,38,144.78
700,9.88,Rainy,Medium,Morning,Car,7,0.0,43,175.54000000000002
476,19.86,Rainy,High,Evening,Bike,12,8.0,71,318.88
682,5.53,Windy,High,Morning,Bike,23,4.0,59,196.74
511,12.46,Foggy,Low,Afternoon,Bike,10,1.0,62,238.68
59,1.38,Clear,Medium,Morning,Car,6,3.0,17,54.04
475,10.79,Clear,Medium,Evening,Scooter,24,1.0,65,252.32
561,14.23,Clear,Medium,Afternoon,Scooter,23,7.0,70,288.34000000000003
857,1.21,Snowy,Low,Afternoon,Bike,22,1.0,39,120.68
748,11.1,Clear,Low,Afternoon,Bike,18,7.0,56,227.8
253,17.1,Clear,Medium,Evening,Bike,25,5.0,65,304.3
22,3.22,Clear,Medium,Afternoon,Bike,19,9.0,32,118.26
314,19.27,Foggy,Medium,Morning,Car,29,9.0,85,367.65999999999997
460,2.82,Rainy,Medium,Evening,Scooter,10,1.0,29,95.56
161,7.67,Foggy,Medium,Afternoon,Scooter,22,8.0,59,212.36
277,16.07,Clear,Medium,Evening,Bike,16,5.0,64,280.56
956,7.97,Windy,Medium,Evening,Scooter,9,8.0,35,147.26
192,18.0,Rainy,High,Night,Car,22,,98,373.0
386,16.17,Clear,Medium,Evening,Scooter,12,2.0,78,303.36
806,14.86,,High,Night,Scooter,15,4.0,91,323.38
414,11.68,Clear,,Afternoon,Scooter,25,7.0,70,270.94
492,12.59,Clear,Low,Evening,Scooter,10,2.0,39,193.72
344,8.96,Snowy,,Morning,Car,6,5.0,51,182.68
770,16.51,Clear,Medium,Morning,Bike,7,1.0,79,300.58000000000004
309,16.01,Clear,Low,Afternoon,Car,12,4.0,72,290.08000000000004
662,19.74,Rainy,High,Afternoon,Scooter,11,7.0,81,336.41999999999996
131,8.64,Snowy,Low,Evening,Bike,29,4.0,62,236.62
664,5.13,Clear,Medium,Morning,Car,16,1.0,38,141.04
872,5.78,Clear,High,Morning,Bike,11,5.0,38,138.74
100,2.6,Clear,Low,Afternoon,Bike,16,1.0,29,102.8
373,2.34,Foggy,Medium,Morning,Bike,8,2.0,28,86.72
88,12.93,Clear,Medium,Morning,Scooter,20,8.0,58,249.44
459,1.6,Clear,Medium,Evening,Bike,14,8.0,24,81.8
331,7.44,Rainy,Low,Evening,Bike,27,,53,206.02
215,14.39,Rainy,Medium,Morning,Scooter,6,,50,224.12
467,6.07,,Low,Afternoon,Bike,18,4.0,35,145.56
122,17.97,Windy,Medium,Morning,Scooter,28,7.0,92,369.76
615,17.53,Clear,Low,Afternoon,Bike,14,6.0,79,319.24
21,12.43,Rainy,High,Morning,Bike,13,6.0,70,258.94
701,10.89,Windy,Medium,Evening,Bike,7,0.0,58,213.62
72,4.37,Clear,Medium,Evening,Scooter,6,7.0,25,93.96000000000001
107,8.5,Clear,High,Evening,Car,13,3.0,54,195.5
271,16.28,Rainy,Low,Morning,Scooter,8,9.0,71,284.24
861,15.62,Snowy,High,Evening,Scooter,26,2.0,81,325.96
436,14.17,Clear,Low,Afternoon,Bike,8,0.0,55,235.36
103,6.63,Foggy,Low,Night,Scooter,24,3.0,58,205.04
